title,score,id,url,comms_num,created,body
"I bought 7,000 shares today.",168,1dah2uy,https://i.redd.it/lnsd13d2u65d1.jpeg,197,2024-06-07 18:52:33,I am all in for Monday:)
"I told you....so much hate and I made bank. $5,000 into $300,000 on call options",101,1ddq16h,https://www.reddit.com/gallery/1ddq16h,82,2024-06-11 22:43:30,
Apple‚Äôs AI - ReALM,77,1btynxy,https://i.redd.it/s28yrxb4i2sc1.jpeg,36,2024-04-02 13:24:45,
Apple to $300 in months ,59,1dsxkcm,https://i.redd.it/rremi4cyqx9d1.jpeg,28,2024-07-01 17:39:45,Apple will rise 50% more to over $300 in three to five  months from today.  The time to buy is today!  Share buybacks will take us higher fast!  The time to buy is today.  Tomorrow new 52 week highs $222
UPVOTE this IF YOU ARE HOLDING AAPL LONGTERM,51,z7a7bc,https://www.reddit.com/r/AAPL/comments/z7a7bc/upvote_this_if_you_are_holding_aapl_longterm/,9,2022-11-28 23:06:10,We are ALL HERE for AAPL Discussions and daily updates YALL [https://discord.com/invite/bullishraid](https://discord.com/invite/bullishraid)
AAPL over $200. What was the big news at WWDC that lit up the buy button?,46,1ddg0tx,https://i.redd.it/drx25eaahy5d1.jpeg,43,2024-06-11 15:50:49,
Apple move to their own chipset will save Billions of Dollars each year - and therefore increased profit margins,42,m4fsq2,https://9to5mac.com/2020/11/18/apples-move-to-m1/amp/,18,2021-03-13 22:23:48,
"Apple posted an all-time revenue record of $123.9 billion, up 11% year over year.",41,se9pdu,https://www.apple.com/newsroom/2022/01/apple-reports-first-quarter-results/,33,2022-01-27 22:50:59,
AAPL just hit $3T Market Cap üéâ,38,rv8tjc,https://i.redd.it/qon7a1koqi981.jpg,16,2022-01-03 19:47:25,
"Finally, we're mooning. $AAPL showing it's POWER (as always). Get rdy",38,m68eh7,https://i.redd.it/0d98cmgf0en61.jpg,17,2021-03-16 12:54:30,
LOL?,35,mynd45,https://i.redd.it/3094g335gfv61.jpg,5,2021-04-26 03:16:13,
"Congrats AAPL holders, new all time high",34,rb8615,https://www.reddit.com/r/AAPL/comments/rb8615/congrats_aapl_holders_new_all_time_high/,36,2021-12-07 21:06:09,"Listening to the experts on CNBC, the conventional wisdom now is that AAPL will surpass $200 and maybe very soon.  This assumes that the supply chain problems go away and that the Goldman Sachs analyst who had a $140 target for aapl is wrong about diminishing demand for iPhones.  He admitted on CNBC that he really didn 't know anything except that one supplier was told to cut back on production. he admit that could be because Apple over-ordered previously which is commonplace."
We did it boys,35,oetjcj,https://i.redd.it/a00amozo1l971.jpg,28,2021-07-06 13:03:49,
why AAPL deserves $200+ and a 35+ PE,32,qjx3kk,https://www.reddit.com/r/AAPL/comments/qjx3kk/why_aapl_deserves_200_and_a_35_pe/,15,2021-10-31 20:42:55,"The market has now gifted MSFT (a great but inferior company to Apple) with a 37 PE ad higher market cap. THis despite 22% growth this last quarter compared to Apple's 33%, and Apple notched 100% growth the quarter before.  You could also add the fact TSLA now has  361 pe and no chance at all to grow more than 50% and then run into plenty of stiff competition. Yes I know Musk is a cult figure and the market plays favorites all the time. But over time, real earnings and stock prices are what matters.  AAPL is enduring the supply chain slowdown now, but who isn't?  MSFT and TSLA are as well, in fact the entire economy is. Plus unlike other companies, any lot sales for Apple this quarter simply get pushed ahead to the next one, so they really don't lose anything.  My point is that in terms of mega cap tech at least, AAPL is the only one which is undervalued and it appears to be undervalued by at least 25%.  Comments?"
We did it üéâüéâ,32,p5gbl0,https://i.redd.it/gqqdj8tq4qh71.jpg,23,2021-08-16 14:42:56,
Apple deserves to be $150!,31,l79gkq,https://www.reddit.com/r/AAPL/comments/l79gkq/apple_deserves_to_be_150/,19,2021-01-28 22:30:06,Why does apple keep dropping? Smoked the earnings expectations yet still dropping.
"Apple stock is poised to surge nearly 50% as it heads toward its most important day in a decade, Wedbush says",30,1czuomr,https://markets.businessinsider.com/news/stocks/apple-stock-price-prediction-value-wwdc-ai-iphone-16-cycle-2024-5,20,2024-05-24 21:37:19,"Could AAPL be the next NVDA? Probably not, but it will be a wild ride‚Ä¶"
Yes,29,qwv4zi,https://i.redd.it/qgyau2s45e081.jpg,9,2021-11-18 18:42:15,
Bloomberg: Apple hires BMW veteran who led i3 development to join its electric car team,29,nwxsk6,https://9to5mac.com/2021/06/10/apple-bmw-hire-electric-car-team/,11,2021-06-10 21:35:42,
Apple Price Predition,29,mfzzea,https://youtu.be/M5Jl4aAukyY,11,2021-03-29 21:25:10,
Long AAPL,25,1e0fuxj,https://i.redd.it/y3ndhc18dtbd1.jpeg,10,2024-07-11 05:03:56,
Microsoft staff told to use iPhones in China amid security fears,27,1dyapcd,https://finance.yahoo.com/news/microsoft-staff-told-iphones-china-142122870.html,6,2024-07-08 15:45:50,
Apple day trader,26,m1a2v5,https://www.reddit.com/r/AAPL/comments/m1a2v5/apple_day_trader/,15,2021-03-09 17:27:25,I‚Äôve made all my gains strictly trading apple options. By now I believe I know the way it moves pretty well. Looking to see $140 by May again. $160 by December. Just hold your shares. Buy the dip. You‚Äôll make money in the long run
"Hold, then add, then hold some more.",27,lpxz58,https://www.reddit.com/r/AAPL/comments/lpxz58/hold_then_add_then_hold_some_more/,11,2021-02-22 20:50:20,"I‚Äôm 35, I‚Äôve made over 500k on Apple over the last 10 years. I can‚Äôt speak for what markets might do, but if you like me have extreme confidence in Apple, then use days like to today to buy dips. Every 2% drop I have limits to buy. I add more at each drop to help lower my average cost. I‚Äôve been doing this for 10 years and always have made over 1000% returns. Currently holding around 1700 shares and adding at each dip. Apple is a long term savings account that is safer then anything else IMO."
"What the hell Apple is pumping $3 up-today , it‚Äôs $228 now ?",26,1fzvp3y,https://i.redd.it/fd3r0ea3drtd1.jpeg,17,2024-10-09 17:34:03,
DOJ sues Apple over iPhone monopoly in landmark antitrust case,27,1bk9ks7,https://www.reddit.com/r/AAPL/comments/1bk9ks7/doj_sues_apple_over_iphone_monopoly_in_landmark/,21,2024-03-21 15:43:04,[https://www.cnbc.com/2024/03/21/doj-sues-apple-over-iphone-monopoly.html](https://www.cnbc.com/2024/03/21/doj-sues-apple-over-iphone-monopoly.html)
Is this the reason why AAPL stock is going down? Because Tim Cook is standing up to protect our privacy? I think we Apple users and shareholders should support the company now more than ever! Facebook and google should stop exploiting our privacy and make BILLIONS out of it!,25,lpgbfc,https://i.redd.it/u0wkxnorvyi61.jpg,14,2021-02-22 06:43:55,
AAPL going up after earnings report,26,n0o52s,https://www.reddit.com/r/AAPL/comments/n0o52s/aapl_going_up_after_earnings_report/,13,2021-04-28 21:34:25,Currently 3.4% up.  Hoping for more tomorrow.
Who‚Äôs got two thumbs and loves everything Apple? This guy!,24,maso1d,https://i.redd.it/h2yksw8z3mo61.jpg,31,2021-03-22 17:11:36,
Apple next 10 years ,24,1e74i5p,https://www.reddit.com/r/AAPL/comments/1e74i5p/apple_next_10_years/,38,2024-07-19 15:02:39,"

Just curious about everyone‚Äôs opinion here:  what would it take for Apple stock to replicate its past 10 year growth in the next 10 years(eps, revenue, products, services, margins, acquisitions, partnerships, AI etc)?  Is that a shot to the moon or even remotely possible?  Is the only way if the Vision Pro or AR glasses become a household item like the iPhone? Is that why people are saying it‚Äôs not likely?"
Hold on to your hats boys and girls,23,1c1kh68,https://i.redd.it/mtlyargvuvtc1.jpeg,5,2024-04-11 17:12:02,
Never selling aapl.,23,rpotlf,https://www.reddit.com/r/AAPL/comments/rpotlf/never_selling_aapl/,14,2021-12-27 15:36:03,I bought aapl at 110 sold at 120. Bought it again at 124 sold at 150. Every time I sold thought it was good idea to take profit ended up regretting. Learning: NEVER sell aapl. Just let it ride. 200 by end of first quarter if not sooner.
WSJ shows targets for $AAPL at high of $180/ mid $160. As long as they keep innovating it should go to the moonüöÄüöÄüöÄ,25,ohsfai,https://www.reddit.com/r/AAPL/comments/ohsfai/wsj_shows_targets_for_aapl_at_high_of_180_mid_160/,12,2021-07-10 23:33:39,
"JPMorgan Adjusts Apple's Price Target to $170 From $165, Reiterates Overweight Rating",24,ogyl26,https://www.reddit.com/r/AAPL/comments/ogyl26/jpmorgan_adjusts_apples_price_target_to_170_from/,3,2021-07-09 17:00:12,"Posted July 6, 2021, but I didn't see it listed here.  Better late than never."
Just bought a couple shares as my first stocks ever!,24,nb6jzr,https://www.reddit.com/r/AAPL/comments/nb6jzr/just_bought_a_couple_shares_as_my_first_stocks/,11,2021-05-13 03:43:17,"30 years old and just starting my investing journey, and I've been slowly researching things over the last couple of months and AAPL just makes sense to have for the 20-30+ years long-term which I will hold. I have been an Apple fan since 2008 when I got introduced to them, I love watching their keynotes and all press media related things. It's just a company I enjoy seeing grow and I guess I wanted my first stock pick to be a business I enjoy and love learning about.

Can't wait to keep adding shares throughout the years and smile at the progress!"
/r/aapl hit 1k subscribers yesterday,24,lz9f2j,https://frontpagemetrics.com/r/aapl,7,2021-03-06 20:43:02,
Will AAPL REACH $230 tomorrow?,23,1deiqjd,https://www.reddit.com/r/AAPL/comments/1deiqjd/will_aapl_reach_230_tomorrow/,37,2024-06-12 22:56:50,"I bought an options call $200 8/16
At $6. I‚Äôm wondering if I should hold apple until 8/16 or if I should sell tomorrow? Apple seems to be down after hrs will it go to $230 tomorrow or will it keep dropping?
"
Up $3 in after hours,24,ok2i4h,https://www.reddit.com/r/AAPL/comments/ok2i4h/up_3_in_after_hours/,24,2021-07-14 12:35:21,Shittin me? I just like the stock.
Bloomberg: Apple (AAPL) To Announce New iPads in April,24,m7f9yr,https://www.bloomberg.com/news/articles/2021-03-17/apple-nears-launch-of-new-ipads-after-stay-at-home-sales-boost,8,2021-03-18 00:52:41,
"AAPL $200+. HODL! Based on growing digital services revenues, new iPhone 13 and EV üöÄ üíé üôå",24,lym46z,https://www.reddit.com/r/AAPL/comments/lym46z/aapl_200_hodl_based_on_growing_digital_services/,12,2021-03-05 22:16:38,
$AAPL,23,lwuycs,https://www.reddit.com/r/AAPL/comments/lwuycs/aapl/,13,2021-03-03 15:19:29,"Vote for it when you get $1,400 from the fed

1. Buy iPhone 12
2. Buy MacBook 
3. 10 shares of AAPL

Let‚Äôs share to your friends"
How the fuck did we close at 121.26?,25,lt7spc,https://www.reddit.com/r/AAPL/comments/lt7spc/how_the_fuck_did_we_close_at_12126/,25,2021-02-26 22:04:09,
Thank you Apple üòå,22,1dwf4yv,https://i.redd.it/52qvlf877tad1.jpeg,8,2024-07-06 03:26:02,
Apple expects AI features to boost iPhone 16 sales by 10M units,22,1dtr99a,https://9to5mac.com/2024/07/02/iphone-16-sales-boost/,7,2024-07-02 18:17:06,
Aapl,21,royh9i,https://www.reddit.com/r/AAPL/comments/royh9i/aapl/,17,2021-12-26 15:57:37,"I made decent money on appl this year.  I bought their calls, have posted on here how i believed they would be 180 by end of year.  After making so much this year, I wanted to buy a macbook air and see how good it was. I am really impressed.  The quality is great.  The screen looks amazing, sound is better than I expected.  I used the new m1 macbook air for about 2 to 3 hours and still had 92% battery life.  What a great year and what a great company."
Best investment I made and patiently holding since 2011,22,rbyk6y,https://i.redd.it/8yert9a4bd481.jpg,13,2021-12-08 20:10:33,
Shot on iPhone 13 pro ü§£‚úàÔ∏è‚úàÔ∏è‚úàÔ∏è‚úàÔ∏èüöÄüöÄüöÄüöÄüöÄüõ∞üõ∞üõ∞üõ∞üõ∞üõ∞üì≤üì≤üì≤üì≤üì≤üì≤üì≤üì≤ü§Øü§Øü§Ø,22,pv6iwg,https://i.redd.it/dblel9gzfnp71.jpg,4,2021-09-25 14:13:47,
Thoughts on apple hitting $150 this year? I‚Äôm very confident Q3 we will see new ath on all major tech,23,nmhuyf,https://www.reddit.com/r/AAPL/comments/nmhuyf/thoughts_on_apple_hitting_150_this_year_im_very/,28,2021-05-27 22:16:23,
buckle up boys we're going to the moon,22,m5mkt6,https://www.reddit.com/r/AAPL/comments/m5mkt6/buckle_up_boys_were_going_to_the_moon/,12,2021-03-15 15:01:28,
Buy Buy Buy,21,lxudu0,https://www.reddit.com/r/AAPL/comments/lxudu0/buy_buy_buy/,12,2021-03-04 21:29:00,Just increased my long by 100 more shares at $119 today. We‚Äôre gonna see $145 by Summer. I don‚Äôt see a better time to jump in!
Warren Buffett praises AAPL stock in annual letter,22,lty3ya,https://9to5mac.com/2021/02/27/warren-buffett-aapl-stake-value/,12,2021-02-27 22:46:49,
Apple Announces Self Service Repair,20,qw0yfr,https://www.reddit.com/r/AAPL/comments/qw0yfr/apple_announces_self_service_repair/,12,2021-11-17 15:52:28,"Apple  on Wednesday said it will for the first time start selling spare parts and tools to the general public to perform their own repairs on some iPhones and Mac computers.

The self-service repair program comes after years of pressure from consumer groups have resulted in Apple providing greater access to repair manuals and genuine parts.

More at [Yahoo](https://finance.yahoo.com/news/apple-sell-spare-parts-consumers-140308622.html?guccounter=1), or of course: [Apple](https://www.apple.com/newsroom/2021/11/apple-announces-self-service-repair/)"
Preview of next week,21,pm7xdz,https://i.redd.it/fcychrwervm71.jpg,6,2021-09-11 14:59:32,
AAPL just got another affirmation from the Buffet at the Berkshire‚Äôs Annual Meeting.,21,n2q23v,https://www.reddit.com/r/AAPL/comments/n2q23v/aapl_just_got_another_affirmation_from_the_buffet/,17,2021-05-01 20:57:05,"‚ÄúBuffett said selling some Apple stock last year was ‚Äòprobably a mistake‚Äô

Berkshire Hathaway Chairman Warren Buffett admitted selling a small part of its Apple stock in 2020 was a misstep. In the fourth quarter of 2020, Berkshire trimmed its Apple stake by just 3.7% to about 944 million shares.

‚ÄúWe got a chance to buy it and I sold some stock last year...that was probably a mistake,‚Äù said Buffett.

The ‚ÄúOracle of Ohama‚Äù went on to to say that Apple‚Äôs stock is a ‚Äúhuge, huge bargain.‚Äù ‚ÄúIt is indispensable to people,‚Äù Buffett said.

‚ÄúThe part it plays in their lives is huge,‚Äù he said. ‚ÄúA car costs $35,000 and I‚Äôm sure with some people if you asked them whether they wanted to give up, had to give up, their Apple, they‚Äôd give up their car.‚Äù

Apple is the largest position in Berkshire‚Äôs investment portfolio, in a bet worth nearly $111 billion.

‚Äî Maggie Fitzgerald‚Äù


Source: https://www.cnbc.com/2021/05/01/berkshire-hathaway-meeting-live-updates.html"
"Not mad, I'll buy the dips but how did we go from $124.16 at 3:55 to $121.26 at close lol",21,lt8grz,https://i.redd.it/w47uo98o4wj61.png,13,2021-02-26 22:35:37,
"I promise, market is waiting for me to sell so it can go up.",20,1efyfi3,https://www.reddit.com/r/AAPL/comments/1efyfi3/i_promise_market_is_waiting_for_me_to_sell_so_it/,20,2024-07-30 17:54:23,
I've Held AAPL since 1985. Anyone longer?,22,ob08sj,https://www.reddit.com/r/AAPL/comments/ob08sj/ive_held_aapl_since_1985_anyone_longer/,17,2021-06-30 16:56:01,"The returns have been good since the iPhone, so-so before that."
Apple Is Ready to Restart Its Uptrend,20,nugz13,https://realmoney.thestreet.com/investing/apple-is-ready-to-restart-its-uptrend-go-long-here-15676689?puc=yahoo&cm_ven=YAHOO,12,2021-06-07 17:36:55,
It helps to zoom out sometimes,21,lr1qze,https://i.redd.it/kiip518dacj61.jpg,18,2021-02-24 03:48:55,
"Apple Inc (NASDAQ) has been on a solid uptrend. The stock just triggered a Golden Cross signal, validating the surge and suggesting more upside ahead.",19,1dhzvig,https://i.redd.it/vmp5sj65a57d1.jpeg,0,2024-06-17 15:47:23,Time to buy it around $115 to $116
AAPL heading to $3 Trillion before 12/31 !!!,19,rc53fn,https://www.reddit.com/r/AAPL/comments/rc53fn/aapl_heading_to_3_trillion_before_1231/,32,2021-12-09 01:28:17,"Today $AAPL closed at $175.08 with $2872.42 B market cap. 

If AAPL shares rise another $7-8, at $182.81, Apple will become first company in the history with $ 3.0 Trillion market cap! Very much possible by 12/31, Go Apple !!!"
Apple iCar!!,19,p1g0i2,https://appleinsider.com/articles/21/08/09/apple-reportedly-in-talks-with-korea-ev-component-makers-for-apple-car,8,2021-08-10 03:18:01,
Thanks apple best options trade I‚Äôve made by far.,19,oj69n2,https://i.redd.it/y89iq0oh5wa71.jpg,12,2021-07-13 03:28:50,
$AAPL to hit $127 today. Here‚Äôs why.,20,mkgds7,https://www.reddit.com/r/AAPL/comments/mkgds7/aapl_to_hit_127_today_heres_why/,17,2021-04-05 09:07:38,"Good morning guys, today we‚Äôre gonna see some action on the board for AAPL. Over the 3 day weekend news has come out that‚Äôll be sure to be great.
 
 Reasons why AAPL will be $127 Monday:
1. LG has announced that they are withdrawing from south korea due to business failure.
2. Apple is working with tesla and purchasing batteries at a great price.
3. The Apple car rumor is no longer a rumor but an upcoming product.
4. Apple announced it is raising it‚Äôs dividend soon.
5. They are releasing a new watch.
6. SPY hit a record $4,000 and is looking up in the premarket.
7. $124 resistance is being broken, once shattered we will see a push to $127."
üçé to moon,19,m4n69r,https://www.reddit.com/r/AAPL/comments/m4n69r/to_moon/,2,2021-03-14 03:47:18,
Go AAPL,18,m2pwry,https://finance.yahoo.com/news/global-5g-services-market-size-114000701.html,3,2021-03-11 14:20:22,
"Apple seems to be growing its dominance in Europe by investing billions of dollars which we heard about today. Despite this, the stock is still going down!",18,m25d9w,https://www.reddit.com/r/AAPL/comments/m25d9w/apple_seems_to_be_growing_its_dominance_in_europe/,15,2021-03-10 19:56:07,"If this news came out of Tesla or any other company, their stock would surge by at least 10 to 20%. What is happening exactly?"
HODL DIAMOND HANDS AAPL,20,lz679g,https://youtu.be/8Q8HnTitKoU,2,2021-03-06 18:15:53,
The day you plant the seed is not the day you eat. $AAPL is a solid company. Stay focused! Up 5% so far.. ‚úÖ,18,lvk74m,https://www.reddit.com/r/AAPL/comments/lvk74m/the_day_you_plant_the_seed_is_not_the_day_you_eat/,12,2021-03-01 21:52:05,
HODL,20,lu0h3z,https://i.redd.it/c87xru4ly3k61.jpg,14,2021-02-28 00:52:46,
Ri$e up retail players üíé üôå $120,19,lsxsbc,https://www.reddit.com/r/AAPL/comments/lsxsbc/rie_up_retail_players_120/,10,2021-02-26 14:34:40,"IMO:

Buy level: $127-$137

Anything under $126 is a gift üéÅ from aapl.

$120 üíé üôå

Up vote this and let 'em know what's up!"
FAQ For Apple $490M Settlement,19,1dqsulz,https://www.reddit.com/r/AAPL/comments/1dqsulz/faq_for_apple_490m_settlement/,32,2024-06-28 21:03:57,"Hey guys, I posted about the Apple settlement already but recently we got more information about it. So I decided to add a small FAQ which (I hope) would help you.

1. Q\_ Do I need to sell my shares to get this settlement? - No, if you have purchased during the class period, you are eligible.
2. Q\_ Who can claim this settlement? - ""All persons who purchased or otherwise acquired the publicly traded securities of Apple Inc., including purchasers of Apple Inc. call options and sellers of Apple Inc. put options, during the period from November 2, 2018, through January 2, 2019, inclusive.""
3. Q\_ How much money do I get per share? - The average payout will be $1.33 per share, but usually only 25% of investors file claims, so in this case it would be 4x more.
4. Q\_ Lawyers will get all the money for this I won't get anything at the end of the day. - Lawyers already are getting paid, you'll lose only the money that you don't claim.

Link to the settlement:¬†[https://11thestate.com/cases/apple-investor-settlement](https://11thestate.com/cases/apple-investor-settlement)"
Bought a total 51 long calls in AAPL,17,1dirch2,https://i.redd.it/tb4ztxv96c7d1.jpeg,53,2024-06-18 14:58:10,
Apple‚Äôs iPhone revenue per quarter:,18,1ciqrvi,https://i.redd.it/pxycidt7v2yc1.jpeg,4,2024-05-02 22:02:57,
How you guys holding up during the AAPL dip?,17,1btlz31,https://www.reddit.com/r/AAPL/comments/1btlz31/how_you_guys_holding_up_during_the_aapl_dip/,27,2024-04-02 01:20:28,"It‚Äôs stressful watching my portfolio drop daily since I‚Äôm pretty much all in AAPL, but I won‚Äôt sell. How‚Äôs everyone else doing?"
Don‚Äôt tell me how to live my life (100% aapl),18,u2vxo8,https://i.redd.it/ca9zrv0d2ct81.jpg,1,2022-04-13 18:43:26,
Pumped,18,po8chc,https://www.reddit.com/r/AAPL/comments/po8chc/pumped/,7,2021-09-14 19:17:48,"I know in this sub I am a small fish in a big pond but I officially have 50 shares of AAPL at an average cost of $127 per share. I am so freaking excited and optimistic about Apple! I watched their product announcements today and was blown away how they continue to innovate. I got the chills by how well they do everything and the stories they tell. 

I truly believe $AAPL is just getting started and it is the only stock I own that I don‚Äôt think twice about averaging up. Cheers üçªüçéüöÄ"
I‚Äôm buying Appl,19,o97hwn,https://www.reddit.com/r/AAPL/comments/o97hwn/im_buying_appl/,24,2021-06-27 23:47:51,
The fuck is going on?,18,nrt0ca,https://www.reddit.com/r/AAPL/comments/nrt0ca/the_fuck_is_going_on/,24,2021-06-04 02:09:02,"This is 15 percent of my portfolio and is one of the worst performing.

Fuck man."
"Apple just recorded a 42.5% gross margin for the quarter, the highest in nine years",17,n0yk08,https://www.cnbc.com/2021/04/28/apple-price-hikes-and-services-growth-produced-a-42point5percent-gross-margin.html,6,2021-04-29 07:40:09,
"BLOOMBERG: Chip shortage ‚Äòaffecting everybody except Apple,‚Äô Android flagships could be delayed",17,m78ion,https://www.reddit.com/r/AAPL/comments/m78ion/bloomberg_chip_shortage_affecting_everybody/,17,2021-03-17 19:31:09,"If true, this is great news which demonstrates Apple's supply chain prowess. Bullish. 

[https://9to5mac.com/2021/03/17/chip-shortage-affecting-everybody-except-apple/](https://9to5mac.com/2021/03/17/chip-shortage-affecting-everybody-except-apple/)"
Apple is a great buy right now!!! Don‚Äôt miss the üåäüåäüåä,18,m4in2a,https://financhill.com/stock-forecast/aapl-stock-prediction,6,2021-03-14 00:43:08,
Looks like a sell trapt...institutions playing retail players like a childplay fools.,18,lrhcj1,https://www.reddit.com/r/AAPL/comments/lrhcj1/looks_like_a_sell_traptinstitutions_playing/,22,2021-02-24 17:50:03,"IMO:

Institutions are getting shares from the little retail players for cheap as retailers continue to sell thinking aapl will drop to $100-$110 range based on articles they read and talking heads media. ü§î

Articles that said they are shorting Apple are for morons to believe in. üôÑ pro traders don't short Apple cuz there're much more better and safer short stocks out there to profit from.

10 year bond yields rising and sectors rotation are over played and priced in so much already. Although rising B-yields are not good for tech sector (mainly riskier small to mid cap stocks) but not too much so for Apple. The real B-yield is minus inflation # is still equal to negative b-yields, meaning equity, growth stocks with dividends like Apple, is still and will continue to be more attractive to institutions even when they rotating to rebalance their portfolios.

Many Amateurs options players will continue to get burned üî• with their random lucks and trends speculations for a short time periods; while traders and longs in aapl ""SHARES"" continue to profits ""consistently"" both long and short terms in aapl!

Aapl shares traders are at least 90% to always never get a loss trade...mostly profitable year by year!!!

Invest/buy/accumulate aapl at these levels today with absolute confidence!

Up vote this post, share the info...retail players ""together"" equal more knowledgeables and profitables. Separated equal getting pick apart by institutions players."
for you amateurs and WallStreetbets,19,lofqtt,https://www.reddit.com/r/AAPL/comments/lofqtt/for_you_amateurs_and_wallstreetbets/,0,2021-02-20 21:20:14,"AAPL

scenario 1.) when big boys take a certain profits from a single company to balance their portfolios -- it's a good bullish thing! They're still keeping their large remaining $hares and let it ri$e in long term.

scenario 2.) when big boys willing to sell most of their shares at a loss (like you amateurs options players) in a company, it's because they see a crack in its fundamentals -- it's bearish and time to dump your shares and run for the hill!

aapl is scenario 1!!!

**WallStreetbets translation:**ask your wife's boyfriend for allowing, buy and accumulate at this level today! Becoming üíé hands before it turns into stonk, you fckin retard!

&#x200B;

&#x200B;

https://preview.redd.it/0zigmsagywi61.jpg?width=1665&format=pjpg&auto=webp&s=76ad1ea1d132253d398c97ee2325c457f01b006a"
AAPL valuation trends,17,sb7y71,https://www.reddit.com/r/AAPL/comments/sb7y71/aapl_valuation_trends/,18,2022-01-24 01:04:34,"AAPL is my favorite **defensive** stock for growth.  Since 2011 they have grown market share in PC sales (laptops & desktops) from 10.5% to 13+% while maintaining their premium pricing model IN SPITE of Intel and MSFT's Windows 10/Windows 11 efforts.  

(link:) [https://www.statista.com/statistics/576473/united-states-quarterly-pc-shipment-share-apple/](https://www.statista.com/statistics/576473/united-states-quarterly-pc-shipment-share-apple/)

Yup, iPhones are their biggest moneymaker, but Macs and services (Apple TV, App Store, Apple Music etc) and ""other"" (Apple watch, Beats headphones, AirPods, plus whatever else they're working on).

So even if the market dips, my wager is that AAPL will dip LESS that the average tech stock.  They understand how to nurture R&D and flow it into products.  While Cook may be a less charismatic company manager than Jobs, he has done a good job of infusing growth into the corporate R&D and engineering culture.

I encourage discussion."
Why I invest in Apple,18,roisec,https://www.reddit.com/r/AAPL/comments/roisec/why_i_invest_in_apple/,18,2021-12-25 23:21:36,"Was talking with my friends earlier in the week and one of my friends who was always an android user told me he bought an iPhone. He said that he uses it as his phone for picking up girls. Apparently, lots of (younger) girls view green text as a turnoff. 

I thought it was nonsense at first but I asked around. Apparently it's at least somewhat true. I don't think that this is a reflection of how most Gen z females think at all, but the fact that there's so many people out there that view iPhone and Apple products as status symbols just means one thing: üíµüíµ.

Frankly I think these people are pompous, ignorant pricks but I love it. Apple has created a lifestyle with a cult like following. Not just an iPhone or an iPad. A lifestyle."
APPLE $150 FRIDAY,17,opq8xo,https://www.reddit.com/r/AAPL/comments/opq8xo/apple_150_friday/,18,2021-07-23 00:56:20,AAPL will touch $150 Friday at some point
Almost there.,17,oce0td,https://i.redd.it/51c1qbg5wt871.jpg,1,2021-07-02 17:44:39,
$5 burp is meaningless for AAPL. Even a $20 burp is healthy. (STC) Stay The Course.,17,m0t77h,https://www.reddit.com/r/AAPL/comments/m0t77h/5_burp_is_meaningless_for_aapl_even_a_20_burp_is/,5,2021-03-09 00:29:24,No better company. No better time.  STC!!
Ridiculously powerful 2021 iPad Pro may drop this month - We going higher,17,lvsfig,https://news.google.com/articles/CAIiEO9l8KtyNwmQZj7KtugSpi0qMwgEKioIACIQgUMYiNf7Etik57SMcMRnBioUCAoiEIFDGIjX-xLYpOe0jHDEZwYwoIrKBg?hl=en-US&gl=US&ceid=US%3Aen,3,2021-03-02 04:08:08,
AAPL to 300? ,16,1g83czy,https://www.reddit.com/r/AAPL/comments/1g83czy/aapl_to_300/,12,2024-10-20 17:59:28,China recovery + iPhone 16 cycle + Apple Intelligence = $300. Perhaps by Spring 2025?
Apple reports third quarter results,15,1ehqy8w,https://www.stocktitan.net/news/AAPL/apple-reports-third-quarter-ifixgl4ly0gc.html,5,2024-08-01 21:30:08,
Final trade update: AAPL hits new ATH! Have a great holiday weekend!! God Bless America!!!,16,1duf811,https://i.redd.it/v6melxrg9bad1.jpeg,9,2024-07-03 15:06:41,July5 AAPL $215 call chart
Here we go!,16,1dcc6dm,https://i.redd.it/vzqf3yoxzn5d1.jpeg,30,2024-06-10 04:35:45,
aapl to the moon,17,10tyhem,https://www.reddit.com/r/AAPL/comments/10tyhem/aapl_to_the_moon/,12,2023-02-05 03:24:17,
"Good earnings price goes down, worst earnings in 7 years and the price explodes",15,10smc1a,https://i.redd.it/hubtprpl41ga1.jpg,11,2023-02-03 15:59:56,
Deworseification? Nope. The ONLY stock to own now is AAPL. 30% return in 6 months isnt shabby.,16,r7zyq2,https://www.reddit.com/r/AAPL/comments/r7zyq2/deworseification_nope_the_only_stock_to_own_now/,22,2021-12-03 15:11:22,
I should have bought 100 shares,16,pjp0dk,https://i.redd.it/l7mc8xxyk3m71.jpg,12,2021-09-07 16:13:35,
"Apple Gaining China Market Share Amid iPhone Shipments Surge, Says Morgan Stanley",16,p8ddx2,https://www.reddit.com/r/AAPL/comments/p8ddx2/apple_gaining_china_market_share_amid_iphone/,14,2021-08-20 21:34:14,"8/18/2021

Apple (AAPL) is winning market share in China, with iPhone shipments in the country up 79% year-over-year in July versus 27% for Chinese smartphone vendors, Morgan Stanley said Wednesday in a research note citing data from China's Academy for Information and Communications Technology.

Apple's July gain is a big improvement from Q2, when iPhone shipments in China declined 4% from a year earlier, said Morgan Stanley analysts including Katy Huberty.

The iPhone gained 90 basis points of installed base share in China year-over-year, ending July at a 27-month-high of nearly 21%, Morgan Stanley said, citing data from third-party vendor Jiguang.

The older iPhone 11 models make up more than 21% of Apple's installed base in China despite the popularity of the newer iPhone 12 models, Morgan Stanley noted. ""These data points support our view that the iPhone can see continued shipment strength after the launch of the new iPhone 13 model in September/October,"" the analysts said."
Should be an interesting next few weeks with a new iPhone announcement.,15,p564hn,https://www.reddit.com/r/AAPL/comments/p564hn/should_be_an_interesting_next_few_weeks_with_a/,4,2021-08-16 02:24:10,"$AAPL had some entertaining price action last Friday. Looking forward to this weeks market and the future iPhone!

Apple is just an amazing company when it comes to creating, marketing, and selling digital electronic consumer products! 

Many great reasons to own and hold the stock from inflationary pressures to cash flow or dividends of this high speed train. New rumored products like i glasses or icar. Finances that are commandeering with other consumerable services. 

Long and strong for multiple years!"
