date,text
2024-11-04 11:26:00,"Trump Media Stock, Prediction Markets Move on Eve of Election Day"
2024-11-04 10:22:00,"Tesla and Uber Boost EV Incentives, Offering $2,000 for Eco-Friendly Driving"
2024-11-04 10:15:00,"Elon Musk Predicts 'The Most Fun' With A Second Trump Presidency. Mark Cuban Responds, 'Because Cratering The Economy Will Be A Blast'"
2024-11-04 09:54:00,"Tesla FSD Fails to Detect Deer in Nighttime Collision, Raising Safety Concerns"
2024-11-04 09:46:00,Tesla Stock Triggers Sell Signal As Booming BYD Eyes BEV Crown
2024-11-04 09:44:00,Barry Diller on Elon Musk: He's a 'deserved megalomaniac'
2024-11-04 09:26:00,Tesla EV sales in China fall 5.3% in October
2024-11-04 09:22:00,"If Elon Musk heads up DOGE, it may unsettle Tesla stock: Analyst"
2024-11-04 09:19:00,Elon Musk's Big Gamble: Will Tesla Stock Plunge if Kamala Harris Wins the Election?
2024-11-04 08:20:00,Chinese Electric Vehicle Stocks Rise as Deliveries Jump in October
2024-11-04 08:10:00,Teslas Stock Faces a New Risk: A Trump Defeat
2024-11-04 07:27:00,Tesla Stock Is Down Again for the Sixth Straight Day
2024-11-04 07:14:00,"Nvidia to join Dow, election looms for Wall Street: Yahoo Finance"
2024-11-04 07:00:00,"Tesla Investors Confuse 'Valuation And Stock Price,' Says Gary Black As Investor Sees Recovery In Stock"
2024-11-04 05:58:00,Chinas DeepRoute.ai secures $100m for smart driving expansion
2024-11-04 05:50:00,Tesla Stock Threatens Sell Signal As Booming BYD Eyes BEV Crown
2024-11-04 05:00:00,"Elon Musk bet the house on Trump. But no matter who wins, Musk has a lot to lose"
2024-11-04 05:00:00,Election Day Is Here for Elon MuskWho Isnt on the Ballot
2024-11-04 04:36:00,Tesla's Oct China-made EV sales fall 5.3% y/y
2024-11-04 04:24:00,Cathie Wood and Elon Musk Say Tesla Will Be Worth $7 Trillion. So Why Are Insiders Dumping the Stock?
2024-11-04 03:39:00,Elon Musks Response to Peanut the Squirrel Causes Surge in PNUT Meme Coin
2024-11-04 02:58:00,"Xiaomi SU7 Ultra challenges Porsche, may intensify Volkswagen's struggles"
2024-11-04 02:00:00,What Muskonomics would mean for Donald Trumps America
2024-11-04 02:00:00,Elon Musks crazy plan to rip $2 trillion out of America
2024-11-03 20:57:00,China's DeepRoute.ai raises $100 million as smart driving adoption speeds up
2024-11-03 16:54:00,Tesla (TSLA) Stock: A Risky Bet on Future Promises?
2024-11-03 16:42:00,Tesla Tumbles Below Buy Point; BYD Eyes BEV Crown As Revenue Tops U.S. Rival's
2024-11-03 15:11:00,"If Trump Loses The Election, X Will Also Lose Out Big Time"
2024-11-03 14:57:00,"Is Tesla, Inc. (TSLA) The Best Consumer Cyclical Stocks To Buy According to Hedge Funds?"
2024-11-03 12:49:00,Musks Tesla hits out at Biden ban on Chinese car tech
2024-11-03 12:18:00,2024 election: Top portfolio plays for a Trump or Harris victory
2024-11-03 12:05:00,Should You Buy Rivian If Shares Fall Below $10?
2024-11-03 11:00:00,"When Elon Musk Sold His First Company, He Had A Choice: A House Or A McLaren F1. Here's How His Choice Ties Into The Elusive Tesla Roadster"
2024-11-03 08:00:00,All the Presidents (Rich) Men
2024-11-03 00:20:00,China's BYD boosts production and hiring amid Q3 growth
2024-11-01 21:00:00,Why Elon Musks Robotaxi Dreams Are Premature
