username,text,created_at,retweets,likes
Evan,Apple $AAPL started testing an app to help people with pre-diabetes manage their food intake and make lifestyle changes as part of a larger interest in blood sugar-related health products - Bloomberg,2024-10-25 17:06,13,87
Wall St Engine,$AAPL | APPLE STAFF TESTS BLOOD-SUGAR APP IN SIGN OF HEALTH AMBITIONS,2024-10-25 16:53,3,20
Tom,"$AAPL no longer the highest market cap stock, sounds like good buying opportunity.",2024-10-25 16:31,3,41
Cheddar Flow,$NVDA has once again surpassed $AAPL to become the world's most valuable company.,2024-10-25 16:17,5,24
Liz Claman,"BREAKING: @nvidia Just briefly overtook $AAPL to become the world's most valuable company, market cap: $3.52 TRILLION. $NVDA + 189% this yr is impressive but how about the #AI company who beats that gain? 3pET We've got the CEO of the lesser known but explosively growing AI name",2024-10-25 16:12,3,22
InvestorTurf,"BREAKING NEWS

NVIDIA Becomes the World‚Äôs Most Valuable Company, Surpassing Apple.

$NVDA $AAPL",2024-10-25 15:52,5,44
Ripster,"$NVDA 
$AAPL
NVDA AAPL Nvidia Overtakes Apple To Become World's Most Valuable Company",2024-10-25 15:52,3,37
PeloSwingüéØüë∏üèª,$NVDA just passed $AAPL as the most valuable company.,2024-10-25 15:50,2,22
Sniper Trades,NVIDIA Overtakes Apple to Become Worlds Most Valuable Company APPLE TO BECOME WORLD'S MOST VALUABLE COMPANY $NVDA $AAPL,2024-10-25 15:50,1,19
FSMN,"NVIDIA OVERTAKES APPLE TO BECOME WORLD'S MOST VALUABLE COMPANY
NVIDIA MARKET CAP LAST AT $3.53 TRILLION, VS APPLE AT $3.52 TRILLION, PER LSEG $NVDA $AAPL",2024-10-25 15:49,7,34
LiveSquawk,$NVDA $AAPL | Nvidia Overtakes Apple To Become World's Most Valuable Company,2024-10-25 15:49,6,28
*Walter Bloomberg,$NVDA $AAPL - NVIDIA OVERTAKES APPLE TO BECOME WORLD'S MOST VALUABLE COMPANY,2024-10-25 15:49,89,499
Jason,"$AAPL highs clearing 233 now, continues to stay strong in the face of downgrades or neg sentiment, earnings should be interesting next week",2024-10-25 15:02,1,18
BRITISH HODL ‚ù§Ô∏è‚Äçüî•üêÇ‚ù§Ô∏è‚Äçüî•,"MSFT pumping hard at the open on the #Bitcoin news. 3x harder than AAPL. Board can't ignore this, shareholders can't ignore this. 2nd biggest shareholder is BlackRock, even if they weren't secretly behind this urging, they cannot ignore the value creation just the IDEA has had.",2024-10-25 13:43,50,505
*Walter Bloomberg,"$AAPL - APPLE FALLS AS CHINA IPHONE SALES SLIP

** Shares of iPhone maker Apple fall 0.86% to $228.59 premarket

** iPhone sales in China slip 0.3% in Q3, data from researcher IDC shows

** Apple comes in second in China with a 15.6% market share, followed by Huawei with 15.3%",2024-10-25 12:04,36,111
DR TIP ü•ºü©∫,"Once you get past the fear of losing a trade or trades. Trading becomes significantly less stressful. Please read @samuraipips358 book üìö. Book has a ton of gems üíé in it. Exercises that you can apply to improve your trading. 

#ES_F #NQ_F $ES $NQ $SPY $SPX $QQQ $AAPL $NVDA $AMD",2024-10-25 11:49,2,15
Pejjy,"Nobody believed you could order anything you want and be delivered within 24 hours in 2000. $AMZN

Nobody believed we would have buttonless handheld computers in our pockets 24/7 in 2007. $AAPL

Nobody believed we wouldn't need DVDs anymore to watch movies in 2005. $NFLX

Nobody",2024-10-25 11:48,16,185
Andrewdc208,"Completely overslept (drank far too much at a friends restaurant opening last night), so no RNS summary earlier from me today....On a sIde note, I do not recommend going to the $AAPL store on Regent st w a hangover-utter hell!",2024-10-25 11:42,0,17
Brian Tycangco ÈÑ≠ÂΩ•Ê∏ä,"3Q China smartphone market rankings:

Vivo
Apple
Huawei
Xiaomi
Honor

We said that $AAPL may have just had a lull in 2Q as consumers put on hold purchases while awaiting the release of the new #iPhone16. 

But if only 0.3% market share separates Apple and Huawei, with the latter",2024-10-25 10:43,1,18
*Walter Bloomberg,$JBL $AAPL - APPLE SUPPLIER JABIL EYES TWO MORE INDIA UNITS WITH $275M INVESTMENT,2024-10-25 10:37,10,56
*Walter Bloomberg,$AAPL - APPLE SHARES DOWN 1.2% PREMARKET AFTER Q3 CHINA SMARTPHONE SALES DECLINE,2024-10-25 10:22,16,98
*Walter Bloomberg,$AAPL: KeyBanc Downgrades Apple to Underweight from Sector Weight - PT $200,2024-10-25 10:22,9,53
Options Mike,"Good Morning!

Futures up

$AAPL Q3 China Phone sales dip .03% ; Hauwei up 42%

$AAPL d/g Underweight @ KeyBanc pt 200

$TPR pt raised $63 from $47 @ Evercore

$TYL pt raised $701 from $625 @ Piper

$APPF pt cut $265 from $300 @ Piper",2024-10-25 09:53,6,38
Wall St Engine,"KeyBanc Downgrades $AAPL to Underweight from Sector Weight, Sets PT at $200

KeyBanc Downgrade is driven by:

1. Consumer Survey Challenges Bull Case for iPhone SE:
'Survey shows that 59% of respondents are interested in upgrading to the iPhone 16, which seems strong. However,",2024-10-25 08:23,8,27
Dougie Kass,"$AAPL shares -$3 in premarket trading on reports of weak sales in China.  We have been steadily shorting Apple over the last few weeks. 
Sell $AAPL. Don't Hold $AAPL now up on @thestreetpro.com @tomkeene @business @ferrotv @lisaabramowicz1 @pboockvar @Convertbond  @cnbcfastmoney",2024-10-25 08:23,3,21
BreadWinner,"Should i turn up the heat on here? Let‚Äôs see.. üçûüçûüçû

$QQQ $SPY $NVDA $AMD $AAPL $NVDA $TSLA $META $GOOGL $MSFT",2024-10-25 03:16,0,28
Kings Traders,"Just posted 12 bangers for yall!

I will be back for  more tomorrow  along with $spy commentary , but let‚Äôs see those ‚ù§Ô∏è first!

$spx $qqq $tsla $aapl $nvda",2024-10-25 00:36,0,21
John @ The Rock Trading Co.,"AAPL DOWNGRADED TO 200. KEEP ON WATCH 227 level tomorrow. $AAPL

They love to do this crap before earnings to steal shares.",2024-10-25 00:35,6,105
Marc Lehman,"Keybanc making a big call tonite on Apple

downgrading $AAPL

We are downgrading AAPL to Underweight and establishing a $200 PT",2024-10-24 23:57,7,34
Heisenberg,"$GOOGL 18% away from ATH's

$MSFT 10.4% away from ATH's

$AMZN 8.2% away from ATH's

$META 6.4% away from ATH's

$NVDA 3% away from ATH's

$AAPL 3% away from ATH's

GOOGL time anyone?",2024-10-24 23:46,46,857
Data Driven Investing,"Unpopular opinion:

$PYPL should trade at closer to $AAPL's valuation at a P/E of around 35

And

AAPL should trade closer to PYPL's valuation of around 20.

I think PayPal's earnings growth will dwarf Apple's and they should be trading at a higher multiple.",2024-10-24 23:39,5,106
supplyshocks,"1. Tim Cook went on CNBC and mentioned that he personally holds Bitcoin. Should Bitcoin adoption go to a shareholder vote, it won‚Äôt be so easy for $AAPL to recommend against.

2. As @ryQuant has mentioned, Zuck is a Bitcoin bull and has majority voting rights of $META.

Game",2024-10-24 22:27,58,710
TW - The Wealthy Trader,"SMALL ACCOUNT STARTER PACK

- Cash account to avoid PDT

- Keep losses small let runners run

- Read Trading in The Zone

- Learn 1-3 Tickers 

- $SPY $QQQ $AMD $AAPL $NVDA $META

- Look to execute good trades not make money 

- Start with only one contract

- Journal your trades",2024-10-24 22:06,8,92
supplyshocks,"As Microsoft is considering Bitcoin, then you can be sure that ALL major tech companies will also soon if they are not already! 

 $AAPL $AMZN $META $NVDA $MSTR",2024-10-24 21:20,17,238
Christian Fromhertz üá∫üá∏,"2 of the ""Great 8"" Co's have reported so far

earnings day performance:
$NFLX +11%
$TSLA +22% 

up next
$GOOGL 10/29
$META 10/30
$MSFT 10/30
$AAPL 10/31
$AMZN 10/31
$NVDA 11/21",2024-10-24 21:11,5,24
The Inner Circle Trading Group DP David Prince,$QQQ $SPY Next week is the super bowl with $GOOGL  $META $MSFT $AMD $AAPL &amp; $AMZN reporting.,2024-10-24 21:06,2,44
Andrew Lokenauth | TheFinanceNewsletter.com,"By investing $100 in an S&amp;P 500 index fund, you're investing: 

$7.25 in Apple $AAPL
$6.55 in Microsoft $MSFT
$6.12 in Nvidia $NVDA
$3.63 in Google $GOOGL
$3.56 in Amazon $AMZN
$2.56 in Meta $META
$1.73 in Berkshire Hathaway $BRK.B
$1.49 in  Tesla $TSLA

and $67.11 into 492 of",2024-10-24 19:00,26,152
DR TIP ü•ºü©∫,"Requesting payout #12 from @Topstep end of trading day. 

Thanks @MichaelPatak you guys have been the best. 

#ES_F #NQ_F $ES $NQ $SPY $SPX $QQQ $AAPL $NVDA $AMD $MSFT",2024-10-24 18:55,0,24
Jason,Peeking at the calendar for next week.. a boat load of Tech earnings $AAPL $MSFT $GOOG $AMZN $MSFT plus jobs report and PCE index.,2024-10-24 16:33,1,28
*Walter Bloomberg,$AAPL - APPLE MARKETING HEAD ANNOUNCES PLANS TO UPDATE MACS NEXT WEEK,2024-10-24 16:32,11,119
tae kim,All three major U.S. wireless carriers saw declines in phone upgrade rate during the third quarter versus the prior year. But AI they said ... $AAPL,2024-10-24 14:40,6,21
üëÅ,"$AAPL red 

$MSFT red 

$NVDA just sunk red 

$Qqq up $3

Theee 3 companies are nearly 30% of the entire U.S GDP

Welcome to the stock market",2024-10-24 14:24,1,24
üëÅ,"I have a monster bear setup 

$AAPL is ready to nuke down the entire market 

I think it‚Äôs my favorite bear setup out of the entire market honestly",2024-10-24 06:57,3,26
Kings Traders,"Just posted 7 bangers for yall!

I will be back for  more tomorrow  along with $spy commentary , but let‚Äôs see those ‚ù§Ô∏è first!

$spx $qqq $tsla $aapl $nvda",2024-10-24 01:27,0,26
JustDario üèä‚Äç‚ôÇÔ∏è,What will be the next $AAPL product rabbit üêá Tim Crook is going to take out from the üé©?,2024-10-24 01:01,4,30
Evan,APPLE $AAPL CEO TIM COOK SAYS COMPANY TO INCREASE INVESTMENT IN CHINA üá®üá≥ - XINHUA VIA BLOOMBERG,2024-10-23 23:55,19,156
Dividend Seeker üìàüí∞üíµ,"10 Companies people use on a regular basis

üí≥ $V
‚òéÔ∏è $VZ
üõçÔ∏è $TGT
üè¶ $BAC
‚õΩÔ∏è $XOM
üì± $AAPL
‚ö°Ô∏è $TSLA
üõí $COST
‚òïÔ∏è $SBUX
üëü $ONON",2024-10-23 22:51,5,52
Apple Parody,Is Visual Intelligence for all Apple Intelligence devices or just iPhone 16 series?,2024-10-23 22:46,0,24
Daily Compounding,"S&amp;P 50 companies and their 5-year return:

1. $AAPL üçè 290%  
2. $MSFT üíª 255%  
3. $GOOGL üåê 100%  
4. $AMZN üì¶ 80%  
5. $NVDA üéÆ 450%  
6. $GOOG üîç 100%  
7. $BRK.B üíº 65%  
8. $TSLA üöó 800%  
9. $META üì± 70%  
10. $XOM üõ¢Ô∏è 60%  

11. $UNH üè• 120%  
12. $JNJ üíä 45%  
13. $V üí≥",2024-10-23 22:07,1,17
